name,parent_brand,price,memory,core_clock,core_boost_clock,length,user_score,user_ratings_count,chipset
MSI GeForce RTX 3060 Ventus 2X 12G,NVIDIA,279.97,12288.0,1320,1777,235,5,31,GeForce RTX 3060 12GB
MSI VENTUS 2X BLACK OC,NVIDIA,292.99,8192.0,1830,2505,199,4,5,GeForce RTX 4060
MSI VENTUS 2X BLACK OC,NVIDIA,429.99,16384.0,2310,2625,199,3,1,GeForce RTX 4060 Ti
MSI VENTUS 2X OC,NVIDIA,589.99,12288.0,1980,2520,242,4,3,GeForce RTX 4070 SUPER
MSI RTX 4070 Ti SUPER 16G VENTUS 3X BLACK OC,NVIDIA,839.99,16384.0,2340,2655,322,3,1,GeForce RTX 4070 Ti SUPER
MSI RTX 3060 Ventus 3X 12G OC,NVIDIA,294.99,12288.0,1320,1807,316,5,20,GeForce RTX 3060 12GB
MSI VENTUS 3X OC,NVIDIA,1029.97,16384.0,2210,2595,322,5,7,GeForce RTX 4080 SUPER
MSI VENTUS 2X OC,NVIDIA,549.97,12288.0,1920,2520,242,4,4,GeForce RTX 4070
MSI GAMING X SLIM,NVIDIA,639.97,12288.0,1980,2655,307,4,4,GeForce RTX 4070 SUPER
MSI GT 710 2GD3 LP,NVIDIA,46.99,2048.0,954,,146,4,7,GeForce GT 710
MSI VENTUS 2X OC,NVIDIA,169.99,6144.0,1040,1492,189,0,0,GeForce RTX 3050 6GB
MSI SUPRIM LIQUID X,NVIDIA,2268.75,24576.0,2235,,280,5,15,GeForce RTX 4090
MSI VENTUS 2X BLACK OC,NVIDIA,399.0,8192.0,2310,,199,0,0,GeForce RTX 4060 Ti
MSI GAMING X SLIM,NVIDIA,2186.0,24576.0,2235,2610,322,4,2,GeForce RTX 4090
MSI VENTUS XS OC,NVIDIA,227.99,6144.0,1530,1815,204,5,35,GeForce GTX 1660 SUPER
MSI LP OC,NVIDIA,159.99,6144.0,1040,1492,174,2,1,GeForce RTX 3050 6GB
MSI GAMING X SLIM,NVIDIA,817.99,16384.0,2340,2685,307,4,6,GeForce RTX 4070 Ti SUPER
MSI D6 VENTUS XS OCV3,NVIDIA,119.99,4096.0,1410,1620,179,0,0,GeForce GTX 1650 G6
MSI VENTUS 2X OC,NVIDIA,599.99,12288.0,1980,2520,242,4,2,GeForce RTX 4070 SUPER
MSI VENTUS 3X OC,NVIDIA,619.0,12288.0,1980,2520,308,5,4,GeForce RTX 4070 SUPER
MSI GAMING X SLIM,NVIDIA,1099.97,16384.0,2210,2625,322,3,1,GeForce RTX 4080 SUPER
MSI GeForce RTX 2060 VENTUS GP OC,NVIDIA,279.0,6144.0,1365,1710,231,4,7,GeForce RTX 2060
MSI GeForce RTX 3060 Ti GAMING X,NVIDIA,,8192.0,1410,1770,278,5,12,GeForce RTX 3060 Ti
MSI VENTUS 2X OC,NVIDIA,299.99,8192.0,1830,2505,199,0,0,GeForce RTX 4060
MSI GAMING X TRIO,NVIDIA,2286.0,24576.0,2235,,337,5,13,GeForce RTX 4090
MSI VENTUS 2X XS OC,NVIDIA,199.99,8192.0,1550,1807,205,0,0,GeForce RTX 3050 8GB
MSI GAMING X TRIO,NVIDIA,974.84,16384.0,2340,2685,337,5,4,GeForce RTX 4070 Ti SUPER
MSI VENTUS 3X OC,NVIDIA,404.97,8192.0,2310,,308,3,2,GeForce RTX 4060 Ti
MSI VENTUS 3X OC,NVIDIA,479.99,16384.0,2310,2625,308,3,1,GeForce RTX 4060 Ti
MSI GT 710 2GD3H LP,NVIDIA,66.5,2048.0,954,954,146,3,4,GeForce GT 710
MSI SUPRIM X,NVIDIA,2400.0,24576.0,2235,,336,5,17,GeForce RTX 4090
MSI GeForce RTX 2070 SUPER VENTUS GP OC,NVIDIA,366.0,8192.0,1605,1785,258,4,3,GeForce RTX 2070 SUPER
MSI GeForce RTX 3080 VENTUS 3X 10G OC,NVIDIA,799.0,10240.0,1440,,305,5,24,GeForce RTX 3080 10GB
MSI VENTUS 3X OC,NVIDIA,,12288.0,1920,,308,4,6,GeForce RTX 4070
MSI GeForce RTX 3070 VENTUS 3X OC,NVIDIA,494.02,8192.0,1500,1755,305,5,29,GeForce RTX 3070
MSI RTX 4090 GAMING SLIM 24G,NVIDIA,1799.99,24576.0,2235,2535,322,3,1,GeForce RTX 4090
MSI VENTUS 3X OC,NVIDIA,829.97,16384.0,2340,2655,308,4,4,GeForce RTX 4070 Ti SUPER
MSI GAMING X,NVIDIA,319.99,8192.0,1830,2610,247,4,3,GeForce RTX 4060
MSI SUPRIM X,NVIDIA,1199.99,16384.0,2210,2655,336,4,3,GeForce RTX 4080 SUPER
MSI GeForce GTX 1060 6GT OCV1,NVIDIA,,6144.0,1544,1759,243,5,21,GeForce GTX 1060 6GB
MSI VENTUS 2X OC,NVIDIA,799.97,16384.0,2340,2655,242,0,0,GeForce RTX 4070 Ti SUPER
MSI GTX 1050 Ti 4GT OC,NVIDIA,263.89,4096.0,1341,1455,215,5,26,GeForce GTX 1050 Ti
MSI VENTUS 2X E OC,NVIDIA,872.52,12288.0,1920,2520,245,0,0,GeForce RTX 4070
MSI GAMING X,NVIDIA,169.99,6144.0,1040,1507,205,0,0,GeForce RTX 3050 6GB
MSI VENTUS 3X E OC,NVIDIA,2299.0,24576.0,2235,2565,322,0,0,GeForce RTX 4090
MSI VENTUS 3X OC,NVIDIA,599.99,8192.0,1575,1800,316,5,5,GeForce RTX 3070 Ti
MSI VENTUS 2X OC,NVIDIA,569.97,12288.0,1920,2520,242,3,2,GeForce RTX 4070
MSI VENTUS 2X OC,NVIDIA,,8192.0,1500,1755,232,5,6,GeForce RTX 3070 LHR
MSI EXPERT,NVIDIA,1119.99,16384.0,2210,2625,312,4,3,GeForce RTX 4080 SUPER
MSI GAMING X SLIM,NVIDIA,499.99,16384.0,2310,2685,307,0,0,GeForce RTX 4060 Ti
MSI GAMING X,NVIDIA,299.0,6144.0,1500,1875,247,5,34,GeForce GTX 1660 Ti
MSI GAMING X SLIM,NVIDIA,1119.99,16384.0,2210,2625,322,4,3,GeForce RTX 4080 SUPER
MSI GeForce RTX 3060 Ventus 2X 12G OC,NVIDIA,399.0,12288.0,1320,1807,235,4,3,GeForce RTX 3060 12GB
MSI GAMING X SLIM,NVIDIA,,12288.0,1980,2655,307,3,1,GeForce RTX 4070 SUPER
MSI GAMING SLIM,NVIDIA,,12288.0,1920,2490,307,3,1,GeForce RTX 4070
MSI VENTUS 3X,NVIDIA,799.99,16384.0,2340,2625,308,0,0,GeForce RTX 4070 Ti SUPER
MSI VENTUS 3X,NVIDIA,,12288.0,2310,2625,308,3,2,GeForce RTX 4070 Ti
MSI GeForce RTX 3060 Gaming X12G,NVIDIA,,12288.0,1320,1837,276,5,21,GeForce RTX 3060 12GB
MSI RX 6600 XT MECH 2X 8G OC,AMD,388.99,8192.0,1968,2602,235,5,9,Radeon RX 6600 XT
MSI VENTUS 2X OC,NVIDIA,809.99,16384.0,2340,2655,242,0,0,GeForce RTX 4070 Ti SUPER
MSI GAMING X TRIO,NVIDIA,,11264.0,1350,1755,327,5,14,GeForce RTX 2080 Ti
MSI GeForce RTX 3090 VENTUS 3X 24G OC,NVIDIA,1265.99,24576.0,1395,,305,3,2,GeForce RTX 3090
MSI GAMING X SLIM,NVIDIA,869.99,16384.0,2340,2685,307,4,3,GeForce RTX 4070 Ti SUPER
MSI GeForce GTX 1650 SUPER,NVIDIA,427.0,4096.0,1530,1740,180,5,11,GeForce GTX 1650 SUPER
MSI AERO,NVIDIA,819.99,16384.0,2340,2610,263,0,0,GeForce RTX 4070 Ti SUPER
MSI RX 580 8G,AMD,265.99,8192.0,1257,1340,243,4,3,Radeon RX 580
MSI RTX 3070 GAMING X TRIO,NVIDIA,535.0,8192.0,1500,1830,323,5,24,GeForce RTX 3070
MSI VENTUS 2X OC,NVIDIA,360.09,8192.0,1320,1807,235,3,1,GeForce RTX 3060 8GB
MSI VENTUS 3X OC,NVIDIA,1199.99,16384.0,2205,,322,4,9,GeForce RTX 4080
MSI AERO ITX OC,NVIDIA,224.89,8192.0,1550,,172,0,0,GeForce RTX 3050 8GB
MSI Ventus XS OCV1,NVIDIA,179.99,4096.0,1410,1620,179,2,1,GeForce GTX 1650 G6
MSI GAMING X,NVIDIA,399.0,8192.0,1470,1695,248,5,48,GeForce RTX 2060 SUPER
MSI GAMING X,NVIDIA,219.92,4096.0,1290,1493,229,5,32,GeForce GTX 1050 Ti
MSI Radeon RX 5600 XT GAMING MX,AMD,,6144.0,1280,1620,297,5,14,Radeon RX 5600 XT
MSI GAMING,NVIDIA,,4096.0,1140,1279,269,5,180,GeForce GTX 970
MSI MECH 2X OC,AMD,688.4,12288.0,2321,,247,5,13,Radeon RX 6700 XT
MSI GAMING X TRIO,NVIDIA,839.99,12288.0,1365,1770,324,5,5,GeForce RTX 3080 Ti
MSI GAMING TRIO,NVIDIA,2199.98,24576.0,2235,,337,5,4,GeForce RTX 4090
MSI VENTUS XS OC,NVIDIA,224.46,6144.0,1500,1830,204,5,19,GeForce GTX 1660 Ti
MSI GAMING X SLIM,NVIDIA,,12288.0,1920,2625,307,5,4,GeForce RTX 4070
MSI VENTUS 3X OC,NVIDIA,739.99,12288.0,2310,2655,308,5,10,GeForce RTX 4070 Ti
MSI GAMING X,NVIDIA,419.99,8192.0,2310,,247,3,2,GeForce RTX 4060 Ti
MSI GAMING X,NVIDIA,469.0,8192.0,1506,1797,279,5,96,GeForce GTX 1070
MSI GAMING X,NVIDIA,358.95,6144.0,1530,1830,247,5,36,GeForce GTX 1660 SUPER
MSI GAMING X SLIM,NVIDIA,765.41,12288.0,2310,2745,307,3,1,GeForce RTX 4070 Ti
MSI GAMING X SLIM,NVIDIA,505.99,16384.0,2310,2685,307,0,0,GeForce RTX 4060 Ti
MSI GAMING X,NVIDIA,489.99,16384.0,2310,2655,247,0,0,GeForce RTX 4060 Ti
MSI GAMING X TRIO,NVIDIA,1489.0,16384.0,2205,2610,337,4,6,GeForce RTX 4080
MSI VENTUS 3X OC,NVIDIA,436.61,8192.0,1410,1695,316,4,2,GeForce RTX 3060 Ti LHR
MSI GeForce GTX 1060 3G OCV1,NVIDIA,,3072.0,1544,1759,188,4,2,GeForce GTX 1060 3GB
MSI VENTUS 3X OC,NVIDIA,894.5,12288.0,1365,1695,305,5,11,GeForce RTX 3080 Ti
MSI GAMING TRIO CLASSIC,AMD,,24576.0,2300,2500,325,5,6,Radeon RX 7900 XTX
MSI Radeon RX 6900 XT GAMING X TRIO 16G,AMD,932.65,16384.0,1825,2340,324,4,5,Radeon RX 6900 XT
MSI GAMING X TRIO,NVIDIA,599.0,8192.0,1575,1830,323,5,13,GeForce RTX 3070 Ti
MSI VENTUS 2X OC,NVIDIA,448.85,8192.0,1410,1695,232,5,23,GeForce RTX 3060 Ti
MSI GAMING X,NVIDIA,206.99,8192.0,1550,,278,0,0,GeForce RTX 3050 8GB
MSI GAMING X,NVIDIA,699.0,11264.0,1569,1683,290,5,29,GeForce GTX 1080 Ti
MSI Radeon RX 570 ARMOR 8G,AMD,,8192.0,1168,1244,246,3,1,Radeon RX 570
MSI Radeon RX 6600 MECH 2X 8G,AMD,239.98,8192.0,1626,2491,235,5,16,Radeon RX 6600
MSI D4 LP OC,NVIDIA,99.97,4096.0,1151,1430,150,0,0,GeForce GT 1030 DDR4
MSI V511-247R,NVIDIA,,16384.0,2210,2625,337,2,1,GeForce RTX 4080 SUPER
MSI GAMING X,NVIDIA,495.24,6144.0,1506,1809,277,5,71,GeForce GTX 1060 6GB
MSI MECH 2X OC,AMD,,8192.0,2055,,235,5,26,Radeon RX 6650 XT
MSI ARMOR OC,AMD,450.0,8192.0,1257,1366,269,5,41,Radeon RX 580
MSI MECH 2X OC,AMD,189.99,4096.0,2310,2825,172,4,3,Radeon RX 6500 XT
MSI Radeon RX 5500 XT MECH 8G OC,AMD,,8192.0,1647,1845,215,5,6,Radeon RX 5500 XT
MSI VENTUS 2X OCV1,NVIDIA,480.81,8192.0,1410,1695,235,5,8,GeForce RTX 3060 Ti LHR
MSI GAMING Z TRIO,NVIDIA,749.0,10240.0,1440,1830,323,5,10,GeForce RTX 3080 10GB LHR
MSI VENTUS 2X OC,NVIDIA,748.0,12288.0,2310,2655,242,0,0,GeForce RTX 4070 Ti
MSI RTX 4090 VENTUS 3X 24G OC,NVIDIA,,24576.0,2235,2565,322,3,2,GeForce RTX 4090
MSI VENTUS 3X E OC,NVIDIA,739.97,12288.0,2310,2655,308,0,0,GeForce RTX 4070 Ti
MSI VENTUS XS OC,NVIDIA,249.98,4096.0,1485,1740,170,4,11,GeForce GTX 1650 G5
MSI GeForce RTX 3090 TI GAMING X TRIO 24G,NVIDIA,1568.99,24576.0,1560,1920,325,4,2,GeForce RTX 3090 Ti
MSI GAMING X TRIO,NVIDIA,914.99,12288.0,2310,2760,337,5,10,GeForce RTX 4070 Ti
MSI VENTUS 2X,NVIDIA,,16384.0,2340,2625,242,0,0,GeForce RTX 4070 Ti SUPER
MSI MECH 2X OC,AMD,429.0,12288.0,2150,2618,249,4,8,Radeon RX 6750 XT
MSI GAMING X,NVIDIA,598.0,8192.0,1607,1847,279,5,49,GeForce GTX 1080
MSI MECH OC,AMD,,8192.0,1670,1925,232,4,18,Radeon RX 5700 XT
MSI Radeon RX 6800 XT Gaming X Trio 16G,AMD,1148.93,16384.0,1850,2285,324,5,11,Radeon RX 6800 XT
MSI VENTUS XS OC,NVIDIA,,6144.0,1530,1830,204,5,29,GeForce GTX 1660
MSI VENTUS 2X OC,NVIDIA,799.0,8192.0,1500,1755,232,4,12,GeForce RTX 3070
MSI GAMING X TRIO,NVIDIA,,8192.0,1650,1845,328,5,27,GeForce RTX 2080 SUPER
MSI GeForce RTX 3080 GAMING X TRIO 10G,NVIDIA,799.9,10240.0,1440,,323,5,25,GeForce RTX 3080 10GB
MSI GT LP,NVIDIA,,1024.0,954,,129,0,0,GeForce GT 710
MSI GeForce RTX 3090 GAMING X TRIO 24G,NVIDIA,1789.0,24576.0,1395,,335,4,4,GeForce RTX 3090
MSI GAMING X,NVIDIA,999.99,8192.0,1605,1800,297,5,31,GeForce RTX 2070 SUPER
MSI GTX 1050 2G OC,NVIDIA,,2048.0,1404,1518,177,5,9,GeForce GTX 1050
MSI GeForce RTX 3080 RTX 3080 SUPRIM X 10G,NVIDIA,,10240.0,1440,1920,336,5,11,GeForce RTX 3080 10GB
MSI SUPRIM X,NVIDIA,1467.49,16384.0,2205,2640,336,5,7,GeForce RTX 4080
MSI GTX 1070 TI TITANIUM 8G,NVIDIA,499.0,8192.0,1607,1683,279,5,22,GeForce GTX 1070 Ti
MSI Radeon RX 6700 XT 12G,AMD,,12288.0,2321,,267,5,7,Radeon RX 6700 XT
MSI GAMING Z,NVIDIA,,6144.0,1365,1830,247,5,27,GeForce RTX 2060
MSI GAMING X SLIM,NVIDIA,1299.0,16384.0,2205,2610,322,3,1,GeForce RTX 4080
MSI Radeon RX 5700 8G,AMD,,8192.0,1465,1725,270,4,3,Radeon RX 5700
MSI GAMING X TRIO,NVIDIA,,8192.0,1605,1800,328,5,22,GeForce RTX 2070 SUPER
MSI GAMING X SLIM MLG,NVIDIA,,12288.0,1980,2655,307,0,0,GeForce RTX 4070 SUPER
MSI GAMING X TRIO,AMD,637.83,12288.0,2150,2623,327,5,7,Radeon RX 6750 XT
MSI GAMING,NVIDIA,,4096.0,1241,1304,267,5,21,GeForce GTX 960
MSI GAMING X,NVIDIA,379.0,4096.0,1530,1755,248,5,22,GeForce GTX 1650 SUPER
MSI GAMING X SLIM,NVIDIA,1709.15,12288.0,1920,2625,307,0,0,GeForce RTX 4070
MSI GAMING,NVIDIA,529.0,8192.0,1607,1683,279,5,15,GeForce GTX 1070 Ti
MSI VENTUS XS OC,NVIDIA,649.0,8192.0,1650,1830,257,4,3,GeForce RTX 2080 SUPER
MSI VENTUS GP OC,NVIDIA,,8192.0,1470,1665,232,4,6,GeForce RTX 2060 SUPER
MSI GeForce RTX 2060 VENTUS GP 12G OC,NVIDIA,451.92,12288.0,1470,1695,231,3,1,GeForce RTX 2060 12GB
MSI EXPERT,NVIDIA,899.99,16384.0,2340,2685,312,0,0,GeForce RTX 4070 Ti SUPER
MSI GeForce GTX 1630 VENTUS XS 4G OC,NVIDIA,150.0,4096.0,1740,,178,0,0,GeForce GTX 1630
MSI D6 VENTUS XS OC,NVIDIA,179.99,4096.0,1410,1620,178,3,1,GeForce GTX 1650 G6
MSI GAMING X TRIO,NVIDIA,549.99,12288.0,1320,1852,323,4,3,GeForce RTX 3060 12GB
MSI GeForce RTX 3090 TI SUPRIM X 24G,NVIDIA,,24576.0,1560,1965,338,2,1,GeForce RTX 3090 Ti
MSI GAMING X,AMD,494.88,8192.0,1968,2607,277,5,10,Radeon RX 6600 XT
MSI GAMING,NVIDIA,,6144.0,1178,1279,277,5,38,GeForce GTX 980 Ti
MSI RTX 3090 SUPRIM X 24G,NVIDIA,1399.95,24576.0,1395,1875,336,5,6,GeForce RTX 3090
MSI GeForce RTX 3070 SUPRIM X 8G,NVIDIA,,8192.0,1500,1920,335,5,9,GeForce RTX 3070
MSI MECH 2X CLASSIC OC,AMD,269.99,8192.0,1720,2695,235,2,1,Radeon RX 7600
MSI VENTUS 3X PLUS OC,NVIDIA,754.66,12288.0,1260,1740,305,5,10,GeForce RTX 3080 12GB LHR
MSI GAMING Z TRIO,NVIDIA,1423.4,12288.0,1260,1815,323,5,4,GeForce RTX 3080 12GB LHR
MSI SUPRIM X,NVIDIA,974.99,12288.0,2310,2790,338,3,1,GeForce RTX 4070 Ti
MSI GAMING X,AMD,,8192.0,2055,2694,278,4,2,Radeon RX 6650 XT
MSI GAMING X TRIO,NVIDIA,,12288.0,1920,,338,4,2,GeForce RTX 4070
MSI GAMING X,AMD,,8192.0,1120,1316,276,5,22,Radeon RX 480
MSI GT 1030 2GHD4 LP OC,NVIDIA,127.64,2048.0,1189,1430,150,0,0,GeForce GT 1030 DDR4
MSI GeForce RTX 2080 TI VENTUS 11G OC,NVIDIA,,11264.0,1350,1635,268,4,3,GeForce RTX 2080 Ti
MSI MECH 2X,AMD,738.0,12288.0,2321,,247,5,5,Radeon RX 6700 XT
MSI MSI RTX 2070 Ventus 8G Video Card,NVIDIA,629.0,8192.0,1410,1620,226,3,4,GeForce RTX 2070
MSI GAMING X,AMD,,8192.0,1257,1393,276,5,16,Radeon RX 580
MSI GAMING X TRIO,NVIDIA,1419.0,16384.0,2205,2610,337,0,0,GeForce RTX 4080
MSI GeForce RTX 3070 VENTUS 3X,NVIDIA,494.02,8192.0,1500,1725,305,4,2,GeForce RTX 3070
MSI GAMING X,AMD,,8192.0,1730,1980,297,5,17,Radeon RX 5700 XT
MSI VENTUS 2X OC,NVIDIA,729.99,12288.0,2310,2655,242,3,1,GeForce RTX 4070 Ti
MSI SUPRIM LIQUID,NVIDIA,,24576.0,2235,2610,280,3,1,GeForce RTX 4090
MSI Radeon RX 5700 XT 8G,AMD,,8192.0,1605,1905,270,5,6,Radeon RX 5700 XT
MSI VENTUS 2X,NVIDIA,,8192.0,1550,,235,3,1,GeForce RTX 3050 8GB
MSI RADEON RX VEGA 64 8G,AMD,,8192.0,1247,1546,280,3,2,Radeon RX VEGA 64
MSI GAMING SLIM,NVIDIA,749.99,12288.0,2310,2625,307,2,1,GeForce RTX 4070 Ti
MSI Radeon RX 5500 XT GAMING X 8G,AMD,,8192.0,1685,1845,247,3,2,Radeon RX 5500 XT
MSI GAMING X,AMD,745.95,12288.0,2321,,279,4,4,Radeon RX 6700 XT
MSI GAMING X TRIO,NVIDIA,,8192.0,1515,1860,327,5,23,GeForce RTX 2080
MSI GeForce GTX 1650 SUPER,NVIDIA,,4096.0,1530,1740,175,3,1,GeForce GTX 1650 SUPER
MSI Radeon RX 6600 XT MECH 2X 8G OCV1,AMD,299.0,8192.0,1968,2602,215,0,0,Radeon RX 6600 XT
MSI GAMING,AMD,379.0,8192.0,1000,1060,277,5,61,Radeon R9 390
MSI RTX 4060 Ti 8G GAMING SLIM MONSTER HUNTER EDITION,NVIDIA,,8192.0,2310,2550,307,0,0,GeForce RTX 4060 Ti
MSI MECH OC,AMD,,8192.0,1515,1750,232,3,6,Radeon RX 5700
MSI GAMING X,AMD,,4096.0,926,1254,270,4,8,Radeon RX 470
MSI GAMING X TRIO,NVIDIA,539.0,8192.0,1410,1830,323,5,10,GeForce RTX 3060 Ti
MSI VENTUS 3X PLUS OC,NVIDIA,721.41,10240.0,1440,1740,305,5,5,GeForce RTX 3080 10GB LHR
MSI ARMOR OCV1,NVIDIA,354.0,6144.0,1544,1759,275,5,10,GeForce GTX 1060 6GB
MSI Radeon RX 6800 GAMING X TRIO 16G,AMD,1115.48,16384.0,1700,2155,324,0,0,Radeon RX 6800
MSI GTX 1050 Ti 4G OC,NVIDIA,,4096.0,1341,1455,177,4,14,GeForce GTX 1050 Ti
MSI GT OC,NVIDIA,279.0,3072.0,1544,1759,243,4,10,GeForce GTX 1060 3GB
MSI VENTUS 2X,NVIDIA,,12288.0,1920,2490,242,3,1,GeForce RTX 4070
MSI VENTUS 2X OC,NVIDIA,349.0,8192.0,1550,,235,4,4,GeForce RTX 3050 8GB
MSI DUKE,NVIDIA,399.0,8192.0,1607,1683,312,5,10,GeForce GTX 1070 Ti
MSI GAMING X TRIO,NVIDIA,,12288.0,2310,2760,337,4,3,GeForce RTX 4070 Ti
MSI RTX 4090 GAMING X TRIO CLASSIC 24G,NVIDIA,,24576.0,2235,2610,337,0,0,GeForce RTX 4090
MSI ARMOR OC,AMD,,4096.0,1257,1366,269,5,12,Radeon RX 580
MSI GTX 980Ti 6GD5,NVIDIA,,6144.0,1000,1076,282,3,1,GeForce GTX 980 Ti
MSI SUPRIM X,NVIDIA,,8192.0,1575,1875,335,3,2,GeForce RTX 3070 Ti
MSI SUPRIM X,NVIDIA,,12288.0,1365,1845,336,4,4,GeForce RTX 3080 Ti
MSI Radeon RX Vega 56 8G,AMD,,8192.0,1156,1471,280,0,0,Radeon RX VEGA 56
MSI GAMING X,NVIDIA,,6144.0,1530,1860,247,5,22,GeForce GTX 1660
MSI GAMING Z TRIO,NVIDIA,519.98,8192.0,1500,1845,323,5,7,GeForce RTX 3070 LHR
MSI ARMOR OC,NVIDIA,,8192.0,1556,1746,279,5,23,GeForce GTX 1070
MSI AERO ITX OC,NVIDIA,,12288.0,1320,1792,172,3,1,GeForce RTX 3060 12GB
MSI GAMING TRIO CLASSIC,AMD,,20480.0,2000,2400,325,3,2,Radeon RX 7900 XT
MSI GAMING X TRIO,AMD,,16384.0,1890,2454,325,3,1,Radeon RX 6950 XT
MSI GTX 1050 TI 4GT LP,NVIDIA,270.0,4096.0,1290,1392,182,5,4,GeForce GTX 1050 Ti
MSI VENTUS 3X E OC,NVIDIA,,12288.0,1920,2520,308,3,1,GeForce RTX 4070
MSI MECH 2X V1,AMD,659.99,12288.0,2150,2600,249,4,3,Radeon RX 6750 XT
MSI GeForce RTX 3070 Ventus 3X 8G OC LHR,NVIDIA,484.14,8192.0,1500,1755,305,2,1,GeForce RTX 3070 LHR
MSI GAMING Z,NVIDIA,,8192.0,1410,1830,307,5,15,GeForce RTX 2070
MSI Radeon RX 6800 16G,AMD,,16384.0,1700,2105,267,5,5,Radeon RX 6800
MSI VENTUS 3X OC,NVIDIA,,8192.0,1410,1695,316,4,3,GeForce RTX 3060 Ti
MSI GAMING X TRIO,NVIDIA,,8192.0,2310,,338,2,1,GeForce RTX 4060 Ti
MSI VENTUS 3X E,NVIDIA,734.99,12288.0,2310,2625,308,0,0,GeForce RTX 4070 Ti
MSI GeForce RTX 2070 GAMING 8G,NVIDIA,,8192.0,1410,1620,307,3,2,GeForce RTX 2070
MSI GAMING X SLIM,NVIDIA,1848.0,12288.0,2310,2745,307,3,2,GeForce RTX 4070 Ti
MSI VENTUS 3X OC LHR,NVIDIA,788.03,10240.0,1440,1740,305,0,0,GeForce RTX 3080 10GB LHR
MSI GAMING X,NVIDIA,349.97,4096.0,1485,1860,245,4,4,GeForce GTX 1650 G5
MSI GT 710 1GD3H LP,NVIDIA,,1024.0,954,,146,4,11,GeForce GT 710
MSI VENTUS 2X BLACK,NVIDIA,,8192.0,1830,2475,199,0,0,GeForce RTX 4060
MSI ARMOR OC,NVIDIA,598.0,8192.0,1657,1797,279,5,13,GeForce GTX 1080
MSI AERO ITX OC,NVIDIA,,6144.0,1530,1815,179,0,0,GeForce GTX 1660 SUPER
MSI GAMING X TRIO,NVIDIA,699.0,11264.0,1569,1683,325,5,8,GeForce GTX 1080 Ti
MSI GTX 970 4GD5T OC,NVIDIA,,4096.0,1102,1241,275,4,5,GeForce GTX 970
MSI VENTUS 3X,NVIDIA,1299.0,16384.0,2205,2520,322,0,0,GeForce RTX 4080
MSI AERO,NVIDIA,,8192.0,1531,1721,269,4,8,GeForce GTX 1070
MSI RX480-8G,AMD,,8192.0,1120,1266,242,4,3,Radeon RX 480
MSI GT 1030 2GD4 LP OC,NVIDIA,137.99,2048.0,1189,1430,150,2,1,GeForce GT 1030 DDR4
MSI ARMOR,NVIDIA,,8192.0,1410,1740,309,5,8,GeForce RTX 2070
MSI VENTUS 3X,NVIDIA,,12288.0,1920,,308,3,2,GeForce RTX 4070
MSI Geforce GTX 1080 GAMING 8G,NVIDIA,,8192.0,1607,1771,279,4,2,GeForce GTX 1080
MSI VENTUS 3X,NVIDIA,,12288.0,1365,1665,305,2,1,GeForce RTX 3080 Ti
MSI VENTUS 2X 8GD6X OC,NVIDIA,455.9,8192.0,1410,1695,232,0,0,GeForce RTX 3060 Ti
MSI ARMOR,AMD,,8192.0,1257,1340,269,0,0,Radeon RX 580
MSI D3 LP,NVIDIA,64.99,2048.0,954,,145,0,0,GeForce GT 710
MSI GAMING X,NVIDIA,,3072.0,1594,1809,277,5,12,GeForce GTX 1060 3GB
MSI SUPRIM,NVIDIA,,24576.0,2235,2610,336,2,1,GeForce RTX 4090
MSI AERO,NVIDIA,599.0,11264.0,1506,1620,269,3,1,GeForce GTX 1080 Ti
MSI VENTUS XS OC,NVIDIA,549.99,6144.0,1365,1710,205,4,20,GeForce RTX 2060
MSI VENTUS OC,NVIDIA,304.05,6144.0,1365,1710,226,4,15,GeForce RTX 2060
MSI VENTUS 3X,NVIDIA,,8192.0,1575,1770,316,0,0,GeForce RTX 3070 Ti
MSI GAMING X,NVIDIA,,6144.0,1530,1830,247,2,1,GeForce GTX 1660 SUPER
MSI MECH,AMD,,8192.0,1465,1725,232,3,1,Radeon RX 5700
MSI Radeon RX 5700 XT GAMING,AMD,,8192.0,1630,1905,297,0,0,Radeon RX 5700 XT
MSI GAMING Z TRIO,AMD,,16384.0,1825,2310,324,4,3,Radeon RX 6800 XT
MSI ARMOR MK2 OC,AMD,,8192.0,1340,1380,270,5,13,Radeon RX 580
MSI VENTUS 3X 8GD6X OC,NVIDIA,538.01,8192.0,1410,1695,305,0,0,GeForce RTX 3060 Ti
MSI GAMING X,NVIDIA,675.21,8192.0,1410,1770,278,4,3,GeForce RTX 3060 Ti LHR
MSI GAMING Z TRIO,NVIDIA,,8192.0,1410,1845,323,4,3,GeForce RTX 3060 Ti LHR
MSI GAMING X,AMD,,4096.0,1120,1316,276,5,24,Radeon RX 480
MSI VENTUS OC,NVIDIA,,8192.0,1605,1785,257,5,21,GeForce RTX 2070 SUPER
MSI VENTUS,NVIDIA,,8192.0,1470,1650,231,2,2,GeForce RTX 2060 SUPER
MSI VENTUS,NVIDIA,,8192.0,1515,1710,268,4,3,GeForce RTX 2080
MSI Radeon RX 6600 XT MECH 2X 8G V1,AMD,,8192.0,1968,2589,215,3,1,Radeon RX 6600 XT
MSI VENTUS 2X,NVIDIA,,8192.0,1410,1665,232,0,0,GeForce RTX 3060 Ti
MSI ARMOR OC,AMD,489.0,8192.0,1168,1268,246,5,27,Radeon RX 570
MSI AERO,NVIDIA,,8192.0,1632,1771,267,4,5,GeForce GTX 1080
MSI RADEON RX 460 2G OC,AMD,,2048.0,1090,1210,172,5,5,Radeon RX 460
MSI AERO ITX,AMD,,4096.0,1196,1275,155,4,14,Radeon RX 560 - 1024
MSI GAMING,NVIDIA,,4096.0,1152,1253,279,0,0,GeForce GTX 980
MSI TRI FROZR,NVIDIA,,8192.0,1410,1620,304,5,4,GeForce RTX 2070
MSI AERO ITX 2GD4 OC,NVIDIA,,2048.0,1189,1430,147,0,0,GeForce GT 1030 DDR4
MSI GEFORCE GTX 1060 6GT OC,NVIDIA,,6144.0,1544,1759,247,4,4,GeForce GTX 1060 6GB
MSI GAMING,AMD,,4096.0,970,1000,268,5,30,Radeon R9 380
MSI GAMING Z TRIO,AMD,,16384.0,1700,2155,324,4,2,Radeon RX 6800
MSI GAMING,NVIDIA,,6144.0,1506,1746,277,5,5,GeForce GTX 1060 6GB
MSI GT LP OC,NVIDIA,,4096.0,1485,1695,168,3,1,GeForce GTX 1650 G5
MSI GAMING,NVIDIA,,8192.0,1470,1650,248,2,1,GeForce RTX 2060 SUPER
MSI N730-2GD3V3,NVIDIA,110.0,2048.0,700,,145,0,0,GeForce GT 730
MSI Radeon RX 6600 ARMOR 8G V1,AMD,,8192.0,1626,2491,238,0,0,Radeon RX 6600
MSI VENTUS OC,NVIDIA,,8192.0,1650,1830,268,4,5,GeForce RTX 2080 SUPER
MSI AERO,NVIDIA,498.0,8192.0,1607,1683,269,3,2,GeForce GTX 1070 Ti
MSI DUKE OC,NVIDIA,679.0,11264.0,1531,1645,320,4,6,GeForce GTX 1080 Ti
MSI AERO ITX,AMD,,4096.0,1923,,172,2,1,Radeon RX 6400
MSI GTX 960 2GD5,NVIDIA,,2048.0,1127,1178,242,4,4,GeForce GTX 960
MSI MECH,AMD,,8192.0,1605,1905,232,0,0,Radeon RX 5700 XT
MSI GAMING,NVIDIA,,12288.0,1320,1777,276,0,0,GeForce RTX 3060 12GB
MSI D6 GAMING X,NVIDIA,234.29,4096.0,1410,1710,245,4,3,GeForce GTX 1650 G6
MSI VENTUS 2X BLACK,NVIDIA,,8192.0,2310,,199,0,0,GeForce RTX 4060 Ti
MSI VENTUS OC,NVIDIA,,8192.0,1470,1665,231,4,2,GeForce RTX 2060 SUPER
MSI AERO ITX OC,NVIDIA,,6144.0,1544,1759,175,5,5,GeForce GTX 1060 6GB
MSI AERO ITX OC,NVIDIA,,8192.0,1531,1721,175,5,9,GeForce GTX 1070
MSI AERO ITX,NVIDIA,,4096.0,1341,1455,155,4,5,GeForce GTX 1050 Ti
MSI Radeon RX 590 ARMOR 8G OC,AMD,,8192.0,1469,1565,278,3,1,Radeon RX 590
MSI GAMING X,AMD,,4096.0,1168,1293,276,5,11,Radeon RX 570
MSI VENTUS 2X,NVIDIA,,8192.0,1500,1725,232,0,0,GeForce RTX 3070
MSI ARMOR,NVIDIA,,11264.0,1480,1582,290,4,3,GeForce GTX 1080 Ti
MSI RX 6900 XT 16G,AMD,,16384.0,1825,,267,4,3,Radeon RX 6900 XT
MSI ARMOR,NVIDIA,,8192.0,1607,1683,279,5,5,GeForce GTX 1070 Ti
MSI VENTUS XS,NVIDIA,,6144.0,1500,1770,204,4,2,GeForce GTX 1660 Ti
MSI Radeon RX 570 ARMOR 4G OCV1,AMD,,4096.0,1168,1268,246,2,1,Radeon RX 570
MSI GAMING,NVIDIA,559.99,6144.0,1365,1680,247,4,2,GeForce RTX 2060
MSI GAMING,NVIDIA,,6144.0,1500,1800,247,3,1,GeForce GTX 1660 Ti
MSI MECH 2X,AMD,,12288.0,2150,2600,249,3,1,Radeon RX 6750 XT
MSI DUKE OC,NVIDIA,499.0,8192.0,1708,1847,312,5,17,GeForce GTX 1080
MSI TWIN FROZR,NVIDIA,,4096.0,1190,1291,279,5,40,GeForce GTX 980
MSI GAMING,NVIDIA,,8192.0,1550,,278,0,0,GeForce RTX 3050 8GB
MSI GAMING TRIO,NVIDIA,,12288.0,2310,2625,337,0,0,GeForce RTX 4070 Ti
MSI VENTUS 2X,NVIDIA,,6144.0,1040,1470,189,0,0,GeForce RTX 3050 6GB
MSI GAMING,NVIDIA,,8192.0,1830,2475,247,0,0,GeForce RTX 4060
MSI GAMING,AMD,,8192.0,1050,1100,277,5,16,Radeon R9 390X
MSI ARMOR,AMD,,8192.0,1626,2491,238,0,0,Radeon RX 6600
MSI Radeon RX 6900 XT GAMING Z TRIO 16G,AMD,1215.48,16384.0,1825,2425,324,0,0,Radeon RX 6900 XT
MSI MECH OC,AMD,,6144.0,1185,1600,231,3,4,Radeon RX 5600 XT
MSI GAMING X,AMD,,6144.0,1235,1620,297,4,5,Radeon RX 5600 XT
MSI GeForce RTX 3070 Suprim X 8G LHR,NVIDIA,799.0,8192.0,1500,1920,335,0,0,GeForce RTX 3070 LHR
MSI GAMING GE,NVIDIA,449.0,6144.0,1000,1291,277,4,3,GeForce GTX 980 Ti
MSI ARMOR,NVIDIA,,8192.0,1410,1620,309,5,11,GeForce RTX 2070
MSI GAMING X,NVIDIA,,2048.0,1354,1556,229,4,6,GeForce GTX 1050
MSI TWIN FROZR,NVIDIA,,2048.0,1085,1163,249,5,23,GeForce GTX 750 Ti
MSI GTX 960 4GD5T OC,NVIDIA,,4096.0,1178,1241,273,5,10,GeForce GTX 960
MSI GAMING X TRIO 8GD6X,NVIDIA,571.0,8192.0,1410,1845,323,3,1,GeForce RTX 3060 Ti
MSI GeForce RTX 3080 VENTUS 3X 10G,NVIDIA,,10240.0,1440,,305,3,1,GeForce RTX 3080 10GB
MSI GAMING TRIO,NVIDIA,,16384.0,2205,2520,337,2,1,GeForce RTX 4080
MSI D3H LP,NVIDIA,78.81,1024.0,954,,146,0,0,GeForce GT 710
MSI EVOKE OC,AMD,,8192.0,1690,1945,254,3,4,Radeon RX 5700 XT
MSI ARMOR OC,NVIDIA,,8192.0,1470,1680,250,4,2,GeForce RTX 2060 SUPER
MSI VENTUS GP,NVIDIA,,8192.0,1410,1620,232,4,3,GeForce RTX 2070
MSI GAMING X,AMD,,4096.0,1257,1393,276,4,4,Radeon RX 580
MSI GAMING TRIO,NVIDIA,,8192.0,1575,1800,323,0,0,GeForce RTX 3070 Ti
MSI DUKE,NVIDIA,,8192.0,1515,1845,314,5,8,GeForce RTX 2080
MSI GAMING TRIO,NVIDIA,,12288.0,2310,2625,337,0,0,GeForce RTX 4070 Ti
MSI GAMING SLIM MLG,NVIDIA,,12288.0,1980,2490,307,0,0,GeForce RTX 4070 SUPER
MSI SEA HAWK X,NVIDIA,855.0,8192.0,1515,1860,268,3,1,GeForce RTX 2080
MSI DUKE,NVIDIA,675.0,8192.0,1410,1755,314,3,2,GeForce RTX 2070
MSI GeForce RTX 3090 VENTUS 3X 24G,NVIDIA,,24576.0,1395,,305,0,0,GeForce RTX 3090
MSI AIR BOOST OC,AMD,,8192.0,1181,1520,270,4,13,Radeon RX VEGA 56
MSI SUPRIM,NVIDIA,,8192.0,1575,1845,335,3,1,GeForce RTX 3070 Ti
MSI VENTUS 3X OC,NVIDIA,788.03,10240.0,1440,1740,305,0,0,GeForce RTX 3080 10GB LHR
MSI GAMING X,AMD,,8192.0,926,1254,276,5,6,Radeon RX 470
MSI AERO ITX,NVIDIA,,8192.0,1470,1650,174,2,1,GeForce RTX 2060 SUPER
MSI MECH 2X,AMD,,4096.0,2310,2815,172,0,0,Radeon RX 6500 XT
MSI Radeon RX 5500 XT MECH 4G OC,AMD,,4096.0,1647,1845,215,4,2,Radeon RX 5500 XT
MSI GAMING,NVIDIA,,2048.0,1216,1279,267,5,8,GeForce GTX 960
MSI ARMOR OC,NVIDIA,,6144.0,1530,1845,243,4,2,GeForce GTX 1660
MSI AERO,NVIDIA,,8192.0,1607,1733,269,4,3,GeForce GTX 1080
MSI GAMING LE,NVIDIA,,4096.0,1076,1216,269,4,3,GeForce GTX 970
MSI GeForce RTX 3070 SUPRIM 8G,NVIDIA,,8192.0,1500,1845,335,4,3,GeForce RTX 3070
MSI MECH 2X,AMD,,8192.0,2055,,235,0,0,Radeon RX 6650 XT
MSI ARMOR OC,AMD,,4096.0,1168,1244,246,5,6,Radeon RX 570
MSI RX 580 8G V1,AMD,,8192.0,1257,1340,198,4,3,Radeon RX 580
MSI R7 250 2GD3 OC,AMD,,2048.0,1050,1100,110,3,5,Radeon R7 250
MSI ARMOR OC,NVIDIA,,8192.0,1605,1785,297,3,1,GeForce RTX 2070 SUPER
MSI GAMING,NVIDIA,,4096.0,1290,1493,229,0,0,GeForce GTX 1050 Ti
MSI Radeon VII 16G,AMD,,16384.0,1400,1750,267,4,4,Radeon VII
MSI ARMOR OC,NVIDIA,399.0,6144.0,1506,1708,279,4,4,GeForce GTX 1060 6GB
MSI Radeon RX 6800XT 16G,AMD,,16384.0,1825,2250,267,0,0,Radeon RX 6800 XT
MSI SUPRIM X,NVIDIA,,12288.0,1260,1905,336,2,1,GeForce RTX 3080 12GB LHR
MSI SEA HAWK X,NVIDIA,,8192.0,1708,1847,270,5,6,GeForce GTX 1080
MSI AERO,NVIDIA,,8192.0,1410,1620,268,3,2,GeForce RTX 2070
MSI ARMOR OC,NVIDIA,371.2,6144.0,1500,1860,243,0,0,GeForce GTX 1660 Ti
MSI GAMING,NVIDIA,,11264.0,1506,1620,290,4,3,GeForce GTX 1080 Ti
MSI Gaming X NV Edition,NVIDIA,,8192.0,1830,2610,247,0,0,GeForce RTX 4060
MSI GT 1030 2GH LP OC,NVIDIA,,2048.0,1265,1518,153,4,7,GeForce GT 1030
MSI TWIN FROZR,NVIDIA,,4096.0,1085,1150,260,5,8,GeForce GTX 760
MSI ARMOR X,AMD,,8192.0,1257,1366,270,2,1,Radeon RX 580
MSI MECH,AMD,,6144.0,1130,1560,231,0,0,Radeon RX 5600 XT
MSI GAMING,AMD,,4096.0,1020,1070,258,5,7,Radeon R7 370
MSI N730K-2GD3H/LP,NVIDIA,,2048.0,902,,146,2,1,GeForce GT 730
MSI GAMING,NVIDIA,,8192.0,2310,,247,0,0,GeForce RTX 4060 Ti
MSI GAMING SLIM,NVIDIA,,12288.0,1920,2490,307,0,0,GeForce RTX 4070
MSI D6 VENTUS XS,NVIDIA,,4096.0,1410,1590,178,0,0,GeForce GTX 1650 G6
MSI GAMING 100ME,NVIDIA,,4096.0,1140,1279,269,5,17,GeForce GTX 970
MSI GAMING,NVIDIA,,8192.0,1506,1721,279,3,1,GeForce GTX 1070
MSI RX 550 4GT LP OC,AMD,,4096.0,1100,1203,170,0,0,Radeon RX 550 - 512
MSI ARMOR OCV1,NVIDIA,,3072.0,1544,1759,275,2,1,GeForce GTX 1060 3GB
MSI VENTUS 3X E,NVIDIA,,24576.0,2235,2535,322,0,0,GeForce RTX 4090
MSI N760-2GD5/OC,NVIDIA,,2048.0,1006,1072,242,4,4,GeForce GTX 760
MSI GAMING Z TRIO,NVIDIA,,8192.0,1500,1845,323,0,0,GeForce RTX 3070 LHR
MSI GTX 960 2GD5T OC,NVIDIA,,2048.0,1178,1241,273,5,14,GeForce GTX 960
MSI ARMOR,AMD,,8192.0,1244,1281,270,5,4,Radeon RX 570
MSI SUPRIM X,NVIDIA,,10240.0,1440,1920,336,0,0,GeForce RTX 3080 10GB LHR
MSI N750TI-2GD5/OC,NVIDIA,,2048.0,1059,1137,212,5,8,GeForce GTX 750 Ti
MSI ARMOR OC,AMD,,4096.0,1120,1291,269,4,4,Radeon RX 480
MSI Radeon RX 560 4GT LP OC,AMD,,4096.0,1196,1275,,2,1,Radeon RX 560 - 1024
MSI RADEON RX 460 4G OC,AMD,,4096.0,1090,1210,172,3,1,Radeon RX 460
MSI GeForce RTX 3080 SUPRIM 10G,NVIDIA,,10240.0,1440,1830,336,0,0,GeForce RTX 3080 10GB
MSI TWIN FROZR,NVIDIA,,2048.0,1098,,260,5,70,GeForce GTX 770
MSI GT OC,AMD,,8192.0,1168,1256,237,5,7,Radeon RX 570
MSI Founders Edition,NVIDIA,679.0,11264.0,1480,1582,267,5,8,GeForce GTX 1080 Ti
MSI GAMING TRIO,NVIDIA,,12288.0,1920,,338,0,0,GeForce RTX 4070
MSI GeForce RTX 3080 SEA HAWK X 10G LHR,NVIDIA,,10240.0,1440,1785,271,0,0,GeForce RTX 3080 10GB LHR
MSI EVOKE OC,AMD,,8192.0,1540,1700,254,4,5,Radeon RX 5700
MSI SEA HAWK X,NVIDIA,,11264.0,1569,1683,269,4,3,GeForce GTX 1080 Ti
MSI N730-4GD3,NVIDIA,,4096.0,700,,152,0,0,GeForce GT 730
MSI GAMING,NVIDIA,,3072.0,1020,1085,266,5,14,GeForce GTX 780 Ti
MSI SUPRIM,NVIDIA,,12288.0,1365,1785,336,0,0,GeForce RTX 3080 Ti
MSI GeForce RTX 2080 Ti LIGHTNING Z,NVIDIA,,11264.0,1350,1770,328,0,0,GeForce RTX 2080 Ti
MSI VENTUS,NVIDIA,,8192.0,1605,1770,257,4,3,GeForce RTX 2070 SUPER
MSI N750ti-2GD5TLP,NVIDIA,,2048.0,1020,1085,146,4,5,GeForce GTX 750 Ti
MSI GAMING TRIO,NVIDIA,,8192.0,1650,1815,328,0,0,GeForce RTX 2080 SUPER
MSI GAMING,AMD,,8192.0,2055,2635,278,0,0,Radeon RX 6650 XT
MSI GeForce RTX 2070 GAMING X 8G,NVIDIA,,8192.0,1410,1710,307,0,0,GeForce RTX 2070
MSI EVOKE,AMD,,8192.0,1630,1905,254,0,0,Radeon RX 5700 XT
MSI GeForce RTX 3080 GAMING TRIO 10G,NVIDIA,,10240.0,1440,,323,3,1,GeForce RTX 3080 10GB
MSI GAMING,NVIDIA,,8192.0,1410,1620,307,3,2,GeForce RTX 2070
MSI GAMING,NVIDIA,,2048.0,1127,1317,270,5,6,GeForce GTX 950
MSI AERO ITX OC,NVIDIA,,2048.0,1265,1518,147,0,0,GeForce GT 1030
MSI GTX 950 2GD5 OCV1,NVIDIA,,2048.0,1076,1253,170,4,4,GeForce GTX 950
MSI GT LP,NVIDIA,,4096.0,1485,1665,168,0,0,GeForce GTX 1650 G5
MSI GAMING,AMD,,12288.0,2321,,279,0,0,Radeon RX 6700 XT
MSI GTX 970 4GD5T OC,NVIDIA,,4096.0,1102,1241,275,5,19,GeForce GTX 970
MSI GAMING TRIO,NVIDIA,,8192.0,1515,1800,327,3,1,GeForce RTX 2080
MSI SUPRIM,NVIDIA,,12288.0,2310,2760,338,0,0,GeForce RTX 4070 Ti
MSI TWIN FROZR,AMD,,3072.0,1000,1050,269,5,21,Radeon R9 280X
MSI AERO,NVIDIA,,8192.0,1650,1815,265,0,0,GeForce RTX 2080 SUPER
MSI AERO ITX OC,NVIDIA,,8192.0,1410,1695,172,0,0,GeForce RTX 3060 Ti LHR
MSI AERO,NVIDIA,,8192.0,1350,1710,268,2,1,GeForce RTX 2080
MSI N740-4GD3,NVIDIA,,4096.0,1006,,165,3,2,GeForce GT 740
MSI GeForce RTX 3090 Ti SUPRIM 24G,NVIDIA,,24576.0,1560,1935,338,0,0,GeForce RTX 3090 Ti
MSI GT 1030 2G LP OC,NVIDIA,,2048.0,1265,1518,159,4,2,GeForce GT 1030
MSI GTX 970 4GD5 OC,NVIDIA,,4096.0,1076,1216,269,4,2,GeForce GTX 970
MSI VENTUS OC,NVIDIA,,8192.0,1515,1800,268,4,3,GeForce RTX 2080
MSI GAMING SLIM,NVIDIA,,16384.0,2310,2550,307,0,0,GeForce RTX 4060 Ti
MSI ARMOR,NVIDIA,,6144.0,1506,1708,279,2,1,GeForce GTX 1060 6GB
MSI QUICK SILVER OC,NVIDIA,,8192.0,1506,1797,279,5,8,GeForce GTX 1070
MSI GTX 1050 2GT OC,NVIDIA,,2048.0,1404,1518,215,3,1,GeForce GTX 1050
MSI AERO ITX OC,NVIDIA,,4096.0,1485,1740,170,0,0,GeForce GTX 1650 G5
MSI TWIN FROZR,NVIDIA,,2048.0,1085,,260,5,81,GeForce GTX 760
MSI Gaming X NV Edition,NVIDIA,,8192.0,1830,2610,247,0,0,GeForce RTX 4060
MSI VENTUS 2X V1,NVIDIA,,8192.0,1410,1665,235,0,0,GeForce RTX 3060 Ti LHR
MSI VENTUS 3X,NVIDIA,,8192.0,2310,,308,0,0,GeForce RTX 4060 Ti
MSI GeForce RTX 2080 Ti SEA HAWK X,NVIDIA,,11264.0,1350,1755,268,2,1,GeForce RTX 2080 Ti
MSI Founders Edition,NVIDIA,,8192.0,1506,1683,267,5,15,GeForce GTX 1070
MSI AERO ITX OC,AMD,,4096.0,1183,1203,155,0,0,Radeon RX 550 - 512
MSI GAMING Z TRIO,NVIDIA,,8192.0,1605,1815,328,3,1,GeForce RTX 2070 SUPER
MSI GAMING TRIO,NVIDIA,,12288.0,1365,1695,324,0,0,GeForce RTX 3080 Ti
MSI VENTUS 3X E OC,NVIDIA,,16384.0,2205,2550,322,0,0,GeForce RTX 4080
MSI GeForce GTX 1060 6G OCV1,NVIDIA,,6144.0,1544,1759,188,1,1,GeForce GTX 1060 6GB
MSI DUKE,NVIDIA,,11264.0,1480,1582,320,0,0,GeForce GTX 1080 Ti
MSI DUKE,NVIDIA,,11264.0,1350,1665,314,3,1,GeForce RTX 2080 Ti
MSI ARMOR OC,AMD,,4096.0,926,1230,246,5,7,Radeon RX 470
MSI TWIN FAN OC,NVIDIA,,8192.0,1410,1695,230,4,3,GeForce RTX 3060 Ti
MSI VENTUS,NVIDIA,,6144.0,1365,1680,226,0,0,GeForce RTX 2060
MSI TWIN FROZR,AMD,,2048.0,1030,1120,260,5,45,Radeon R9 270X
MSI AERO ITX OC,NVIDIA,,6144.0,1500,1830,178,0,0,GeForce GTX 1660 Ti
MSI GT,AMD,,8192.0,1257,1360,237,4,2,Radeon RX 580
MSI N730-4GD3V2,NVIDIA,,4096.0,700,,145,0,0,GeForce GT 730
MSI GTX 1050 2GT LP,NVIDIA,,2048.0,1354,1455,182,0,0,GeForce GTX 1050
MSI GeForce GTX 1630 AERO ITX 4G OC,NVIDIA,,4096.0,1740,,170,0,0,GeForce GTX 1630
MSI GAMING,AMD,,8192.0,1000,1040,276,0,0,Radeon R9 290X
MSI AERO ITX,NVIDIA,,8192.0,1550,,172,0,0,GeForce RTX 3050 8GB
MSI N660Ti-PE-2GD5/OC,NVIDIA,,2048.0,1019,,264,5,17,GeForce GTX 660 Ti
MSI GAMING TRIO,AMD,,12288.0,2150,2600,327,0,0,Radeon RX 6750 XT
MSI GAMING X,AMD,,8192.0,1168,1293,276,0,0,Radeon RX 570
MSI GTX 980Ti 6GD5T OC,NVIDIA,,6144.0,1102,1190,277,5,5,GeForce GTX 980 Ti
MSI SUPRIM,NVIDIA,,16384.0,2205,2610,336,0,0,GeForce RTX 4080
MSI TWIN FROZR,AMD,,4096.0,1007,,276,5,18,Radeon R9 290
MSI VENTUS 2X 8GD6X,NVIDIA,,8192.0,1410,1665,232,0,0,GeForce RTX 3060 Ti
MSI AERO,NVIDIA,,11264.0,1350,1545,268,0,0,GeForce RTX 2080 Ti
MSI GAMING Z,NVIDIA,,8192.0,1657,1860,279,5,6,GeForce GTX 1070
MSI GeForce RTX 3090 SUPRIM 24G,NVIDIA,,24576.0,1395,1815,336,0,0,GeForce RTX 3090
MSI ARMOR,AMD,,4096.0,1257,1340,269,2,1,Radeon RX 580
MSI Radeon RX 5700 GAMING,AMD,,8192.0,1490,1725,297,0,0,Radeon RX 5700
MSI ARMOR,AMD,,8192.0,1469,1545,278,0,0,Radeon RX 590
MSI GAMING TRIO,NVIDIA,,8192.0,1500,1770,323,0,0,GeForce RTX 3070
MSI Radeon RX 5500 XT MECH 8G,AMD,,8192.0,1607,1845,215,3,1,Radeon RX 5500 XT
MSI VENTUS 3X 8GD6X,NVIDIA,,8192.0,1410,1665,305,0,0,GeForce RTX 3060 Ti
MSI Founders Edition,NVIDIA,,8192.0,1607,1733,267,5,6,GeForce GTX 1080
MSI GAMING SLIM,NVIDIA,,12288.0,2310,2625,307,0,0,GeForce RTX 4070 Ti
MSI AERO ITX OC,AMD,,2048.0,1175,1196,155,3,3,Radeon RX 560 - 1024
MSI VENTUS 3X PLUS,NVIDIA,,12288.0,1260,1710,305,0,0,GeForce RTX 3080 12GB LHR
MSI AERO ITX,NVIDIA,,8192.0,1410,1665,172,0,0,GeForce RTX 3060 Ti
MSI N430GT-MD4GD3,NVIDIA,,4096.0,700,,145,0,0,GeForce GT 430
MSI ARMOR,NVIDIA,,6144.0,1500,1800,243,0,0,GeForce GTX 1660 Ti
MSI TWIN FROZR,AMD,,2048.0,900,975,256,5,36,Radeon R9 270
MSI D6 AERO ITX OC,NVIDIA,,4096.0,1410,1620,170,2,1,GeForce GTX 1650 G6
MSI VENTUS GP OC,NVIDIA,,11264.0,1350,1635,268,0,0,GeForce RTX 2080 Ti
MSI GT 1030 2G LP OCV1,NVIDIA,,2048.0,1265,1518,159,0,0,GeForce GT 1030
MSI ARMOR OCV1,NVIDIA,,8192.0,1410,1710,295,0,0,GeForce RTX 2070
MSI N760 2GD5/OC,NVIDIA,,2048.0,1033,1098,170,4,4,GeForce GTX 760
MSI TWIN FROZR II,NVIDIA,,2048.0,880,,237,3,2,GeForce GTX 560 Ti
MSI HAWK,AMD,,1024.0,875,,,0,0,Radeon HD 5770
MSI N440GT-MD1GD3/LP,NVIDIA,,1024.0,810,,,0,0,GeForce GT 440
MSI AIR BOOST,AMD,,8192.0,1156,1471,270,2,1,Radeon RX VEGA 56
MSI VENTUS 3X PLUS,NVIDIA,,10240.0,1440,1710,305,0,0,GeForce RTX 3080 10GB LHR
MSI AERO ITX OC,NVIDIA,,3072.0,1544,1759,175,4,3,GeForce GTX 1060 3GB
MSI LIGHTNING,NVIDIA,,11264.0,1518,1632,320,3,1,GeForce GTX 1080 Ti
MSI GAMING X+,NVIDIA,,6144.0,1594,1809,277,5,4,GeForce GTX 1060 6GB
MSI SEA HAWK X,NVIDIA,,8192.0,1506,1797,270,5,5,GeForce GTX 1070
MSI GAMING SLIM,NVIDIA,,16384.0,2310,2550,307,0,0,GeForce RTX 4060 Ti
MSI N720-1GD3HLP,NVIDIA,,1024.0,797,,162,0,0,GeForce GT 720
MSI GeForce GTX 1060 6GT V1,NVIDIA,,6144.0,1506,1708,243,0,0,GeForce GTX 1060 6GB
MSI N550GTX-Ti-M2D1GD5/OC,NVIDIA,,1024.0,950,,210,0,0,GeForce GTX 550 Ti
MSI BLACK TRIO,NVIDIA,,24576.0,1560,1860,325,0,0,GeForce RTX 3090 Ti
MSI TWIN FROZR III,NVIDIA,,1280.0,770,,,0,0,GeForce GTX 570
MSI GAMING X,AMD,,8192.0,1610,1750,297,2,1,Radeon RX 5700
MSI GAMING,AMD,,8192.0,1630,1905,297,0,0,Radeon RX 5700 XT
MSI GAMING Z TRIO V1,AMD,,16384.0,1700,2155,324,0,0,Radeon RX 6800
MSI VENTUS GP,NVIDIA,,11264.0,1350,1545,268,0,0,GeForce RTX 2080 Ti
MSI GAMING,AMD,,2048.0,970,1000,268,4,4,Radeon R9 380
MSI R7 370 2GD5T OC,AMD,,2048.0,970,1020,255,4,3,Radeon R7 370
MSI AERO ITX,NVIDIA,,2048.0,1404,1518,155,3,1,GeForce GTX 1050
MSI N660 Gaming 2GD5/OC,NVIDIA,,2048.0,1033,1098,260,5,11,GeForce GTX 660
MSI GTX 980 4GD5,NVIDIA,,4096.0,1126,1216,280,3,1,GeForce GTX 980
MSI GAMING TRIO,NVIDIA,,8192.0,2310,,338,0,0,GeForce RTX 4060 Ti
MSI N610-2GD3H/LP,NVIDIA,,2048.0,810,,167,2,1,GeForce GT 610
MSI GTX 980 4GD5 OCV1,NVIDIA,,4096.0,1152,1252,278,3,1,GeForce GTX 980
MSI GAMING TRIO,NVIDIA,,11264.0,1350,1635,327,0,0,GeForce RTX 2080 Ti
MSI VENTUS GP,NVIDIA,,8192.0,1710,,255,2,1,GeForce RTX 2080
MSI GAMING TRIO PLUS,NVIDIA,,12288.0,1260,1755,323,0,0,GeForce RTX 3080 12GB LHR
MSI GeForce RTX 3090 GAMING TRIO 24G,NVIDIA,,24576.0,1395,,335,0,0,GeForce RTX 3090
MSI GAMING X+,AMD,,8192.0,1257,1441,279,0,0,Radeon RX 580
MSI TWIN FROZR,AMD,,3072.0,933,1000,268,5,19,Radeon R9 280
MSI R7 240 2GD3 LP,AMD,,2048.0,730,780,144,2,2,Radeon R7 240
MSI GAMING TRIO,NVIDIA,,8192.0,1605,1770,328,4,2,GeForce RTX 2070 SUPER
MSI DUKE,NVIDIA,,8192.0,1708,1847,312,0,0,GeForce GTX 1080
MSI N730-2GD3,NVIDIA,,2048.0,700,,152,0,0,GeForce GT 730
MSI VENTUS 3X E,NVIDIA,,12288.0,1920,2490,308,0,0,GeForce RTX 4070
MSI DUKE OC,NVIDIA,,8192.0,1410,1710,314,3,1,GeForce RTX 2070
MSI AIR BOOST OC,AMD,,8192.0,1272,1575,270,3,2,Radeon RX VEGA 64
MSI GAMING,AMD,,4096.0,1257,1366,276,0,0,Radeon RX 580
MSI R6450-MD2GD3/LP,AMD,,2048.0,625,,145,0,0,Radeon HD 6450
MSI N750TI-2GD5/OCV1,NVIDIA,,2048.0,1059,1137,165,4,2,GeForce GTX 750 Ti
MSI R4350-MD1GD3H/LP,AMD,,1024.0,600,,166,0,0,Radeon HD 4350
MSI N660 TF 2GD5/OC,NVIDIA,,2048.0,1033,,234,5,29,GeForce GTX 660
MSI LIGHTNING,AMD,,2048.0,940,,,0,0,Radeon HD 6970
MSI VENTUS 2X OC,NVIDIA,,8192.0,1500,1725,232,0,0,GeForce RTX 3070 LHR
MSI VENTUS 2X OCV1,NVIDIA,,8192.0,1550,1807,236,0,0,GeForce RTX 3050 8GB
MSI LIGHTNING,NVIDIA,,6144.0,1203,1304,330,3,1,GeForce GTX 980 Ti
MSI N660TI TF 3GD5/OC,NVIDIA,,3072.0,967,,270,4,3,GeForce GTX 660 Ti
MSI R9 380 2GD5T OC,AMD,,2048.0,980,,254,4,2,Radeon R9 380
MSI AERO ITX OC,NVIDIA,,6144.0,1365,1710,175,0,0,GeForce RTX 2060
MSI N570GTX-M2D12D5,NVIDIA,,1280.0,732,,267,0,0,GeForce GTX 570
MSI ARMOR,AMD,,8192.0,1120,1291,269,4,3,Radeon RX 480
MSI TWIN FROZR,AMD,,4096.0,1040,,276,5,6,Radeon R9 290X
MSI ARMOR,NVIDIA,,8192.0,1657,1797,279,0,0,GeForce GTX 1080
MSI TWIN FROZR,NVIDIA,,4096.0,1137,1189,260,5,10,GeForce GTX 770
MSI R9 290X,AMD,,4096.0,1080,,302,5,7,Radeon R9 290X
MSI TWIN FROZR,AMD,,3072.0,880,,261,5,10,Radeon HD 7950
MSI AERO ITX,NVIDIA,,6144.0,1365,1680,175,0,0,GeForce RTX 2060
MSI R9 Fury X 4G,AMD,,4096.0,1050,,195,0,0,Radeon R9 Fury X
MSI LP,NVIDIA,,6144.0,1040,1470,174,0,0,GeForce RTX 3050 6GB
MSI GAMING,NVIDIA,,6144.0,1040,1470,205,0,0,GeForce RTX 3050 6GB
MSI N750-1GD5/OC,NVIDIA,,1024.0,1059,1137,212,1,1,GeForce GTX 750
MSI GAMING,NVIDIA,,2048.0,1354,1556,229,0,0,GeForce GTX 1050
MSI ARMOR OC,AMD,,8192.0,926,1230,246,0,0,Radeon RX 470
MSI LIGHTNING,NVIDIA,,1536.0,750,,304,0,0,GeForce GTX 480
MSI GAMING Z,NVIDIA,,8192.0,1607,1911,279,2,1,GeForce GTX 1080
MSI GAMING TRIO PLUS,NVIDIA,,8192.0,1410,1755,323,0,0,GeForce RTX 3060 Ti LHR
MSI GeForce RTX 3070 Ventus 3X 8G LHR,NVIDIA,,8192.0,1500,1725,305,0,0,GeForce RTX 3070 LHR
MSI RX 550 2GT LP OC,AMD,,2048.0,1100,1203,170,3,2,Radeon RX 550 - 512
MSI R6450-MD1GD3/LP,AMD,,1024.0,625,,,3,3,Radeon HD 6450
MSI ARMOR 2X,NVIDIA,,4096.0,1190,1102,277,3,1,GeForce GTX 980
MSI GeForce RTX 3090 Ti GAMING TRIO 24G,NVIDIA,,24576.0,1560,1860,325,0,0,GeForce RTX 3090 Ti
MSI R7770-PMD1GD5,AMD,,1024.0,1000,,193,5,7,Radeon HD 7770 GHz Edition
MSI R7 360 2GD5 OC,AMD,,2048.0,1100,,165,0,0,Radeon R7 360
MSI R7 260X 2GD5 OCV1,AMD,,2048.0,1050,,202,3,4,Radeon R7 260X
MSI EVOKE,AMD,,8192.0,1490,1650,254,0,0,Radeon RX 5700
MSI N650ti-2GD5/OC BE BOOST,NVIDIA,,2048.0,1006,,219,3,2,GeForce GTX 650 Ti Boost
MSI N450GTS-M2D1GD5,NVIDIA,,1024.0,783,,,0,0,GeForce GTS 450
MSI R7 250X 2GD5,AMD,,2048.0,1000,,201,1,1,Radeon R7 250X
MSI LIGHTNING X,NVIDIA,,3072.0,832,,304,0,0,GeForce GTX 580
MSI GeForce GTX 1630 AERO ITX 4G,NVIDIA,,4096.0,1740,,170,0,0,GeForce GTX 1630
MSI AERO,NVIDIA,,8192.0,1515,1710,268,0,0,GeForce RTX 2080
MSI TWIN FROZR II,AMD,,1024.0,875,,,0,0,Radeon HD 6770
MSI N650ti-1GD5/OC BE,NVIDIA,,1024.0,1006,,219,3,2,GeForce GTX 650 Ti Boost
MSI NTITAN Black 6GD5,NVIDIA,,6144.0,889,980,267,0,0,GeForce GTX Titan Black
MSI TWIN FROZR,NVIDIA,,4096.0,1058,,270,0,0,GeForce GTX 680
MSI RX 5700 XT 8G,AMD,,8192.0,1605,1905,270,0,0,Radeon RX 5700 XT
MSI TWIN FROZR,NVIDIA,,6144.0,954,1006,266,0,0,GeForce GTX 780
MSI GT 710 2GD5H LP,NVIDIA,,2048.0,954,,147,0,0,GeForce GT 710
MSI GAMING 100ME,NVIDIA,,2048.0,1216,1279,266,5,9,GeForce GTX 960
MSI VENTUS,NVIDIA,,11264.0,1350,1545,268,0,0,GeForce RTX 2080 Ti
MSI VENTUS 2X E,NVIDIA,,12288.0,1920,2490,245,0,0,GeForce RTX 4070
MSI VENTUS,NVIDIA,,8192.0,1650,1815,268,0,0,GeForce RTX 2080 SUPER
MSI GAMING,AMD,,8192.0,1257,1366,276,0,0,Radeon RX 580
MSI N670GTX-PM2D2GD5/OC,NVIDIA,,2048.0,965,,242,4,3,GeForce GTX 670
MSI GAMING,NVIDIA,,3072.0,1506,1708,277,3,1,GeForce GTX 1060 3GB
MSI ARMOR,NVIDIA,,3072.0,1506,1708,275,3,1,GeForce GTX 1060 3GB
MSI GAMING LE,AMD,,8192.0,1050,1100,277,3,2,Radeon R9 390
MSI N8400GS-D512H/LP,NVIDIA,,512.0,520,,,0,0,GeForce 8400 GS
MSI LIGHTNING Z,NVIDIA,,11264.0,1607,1721,320,4,2,GeForce GTX 1080 Ti
MSI MECH 2X CLASSIC,AMD,,8192.0,1720,2655,235,0,0,Radeon RX 7600
MSI N560GTX-Ti-M2D1GD5/OC,NVIDIA,,1024.0,832,,237,0,0,GeForce GTX 560 Ti
MSI TWIN FROZR III PE,NVIDIA,,1280.0,,,,2,1,GeForce GTX 560 Ti 448
MSI TWIN FROZR II,AMD,,1024.0,900,,255,0,0,Radeon HD 6870
MSI VENTUS 3X,NVIDIA,,8192.0,1410,1665,316,0,0,GeForce RTX 3060 Ti
MSI GAMING,AMD,,2048.0,1000,1050,258,4,2,Radeon R7 370
MSI N610GT-MD2GD3/LP,NVIDIA,,2048.0,810,,144,2,1,GeForce GT 610
MSI N610GT-MD1GD3/LP,NVIDIA,,1024.0,810,,160,2,1,GeForce GT 610
MSI N460GTX -M2D1GD5/OC,NVIDIA,,1024.0,725,,,0,0,GeForce GTX 460
MSI TWIN FROZR,NVIDIA,,1024.0,1085,1163,249,4,3,GeForce GTX 750
MSI N430GT-MD1GD3/LP,NVIDIA,,1024.0,700,,,0,0,GeForce GT 430
MSI GeForce GTX 1630 VENTUS XS 4G,NVIDIA,,4096.0,1740,,178,0,0,GeForce GTX 1630
MSI TWIN FROZR II,AMD,,1024.0,725,,257,0,0,Radeon HD 5850
MSI TWIN FROZR III,AMD,,1024.0,850,,270,0,0,Radeon HD 6950
MSI AERO ITX OC,AMD,,2048.0,1100,1203,155,2,1,Radeon RX 550 - 512
MSI GAMING TRIO,AMD,,16384.0,1700,2105,324,0,0,Radeon RX 6800
MSI TWIN FROZR,AMD,,3072.0,1000,,268,3,2,Radeon HD 7970
MSI N480GTX-M2D15-B,NVIDIA,,1536.0,700,,265,0,0,GeForce GTX 480
MSI R7 260X 2GD5 OC,AMD,,2048.0,1175,,202,4,8,Radeon R7 260X
MSI N620GT-MD1GD3/LP,NVIDIA,,1024.0,700,,165,2,1,GeForce GT 620
MSI R6450-2GD3H/LP,AMD,,2048.0,625,,165,0,0,Radeon HD 6450
MSI GTX 980Ti 6GD5 V1,NVIDIA,,6144.0,1000,1076,281,3,1,GeForce GTX 980 Ti
MSI GAMING ITX,AMD,,2048.0,1030,1080,170,4,2,Radeon R9 270X
MSI R6850-PM2D1GD5/OC,AMD,,1024.0,820,,,0,0,Radeon HD 6850
MSI SEA HAWK X,NVIDIA,,8192.0,1650,1845,268,3,1,GeForce RTX 2080 SUPER
MSI ARMOR,AMD,,8192.0,1120,1266,269,0,0,Radeon RX 480
MSI N570GTX-M2D12D5/OC,NVIDIA,,1280.0,786,,268,0,0,GeForce GTX 570
MSI HAWK TALON ATTACK,NVIDIA,,1024.0,810,,237,0,0,GeForce GTX 460
MSI GAMING LE,NVIDIA,,6144.0,1000,1076,269,3,1,GeForce GTX 980 Ti
MSI LP,AMD,,2048.0,600,,144,2,1,Radeon R7 240
MSI TWIN FROZR II,AMD,,2048.0,810,,,0,0,Radeon HD 6950
MSI VENTUS 3X,NVIDIA,,8192.0,1410,1665,316,0,0,GeForce RTX 3060 Ti LHR
MSI GAMING,NVIDIA,,8192.0,1410,1710,278,0,0,GeForce RTX 3060 Ti LHR
MSI GeForce RTX 3070 LHR 8GB SUPRIM x GODZILLA,NVIDIA,,8192.0,1500,1920,335,0,0,GeForce RTX 3070 LHR
MSI TWIN FROZR,NVIDIA,,2048.0,1059,1137,248,4,3,GeForce GTX 750
MSI VENTUS 3X E,NVIDIA,,16384.0,2205,2520,322,0,0,GeForce RTX 4080
MSI VENTUS 3X,NVIDIA,,10240.0,1440,1710,305,0,0,GeForce RTX 3080 10GB LHR
MSI GAMING TRIO,AMD,,16384.0,1890,2324,325,0,0,Radeon RX 6950 XT
MSI N660 TF 2GD5,NVIDIA,,2048.0,980,,234,3,4,GeForce GTX 660
MSI R6990-4PD4GD5,AMD,,4096.0,830,,,0,0,Radeon HD 6990
MSI N650-1GD5/OC,NVIDIA,,1024.0,1084,,230,0,0,GeForce GTX 650
MSI N780,NVIDIA,,3072.0,980,1033,294,5,5,GeForce GTX 780
MSI TWIN FROZR,AMD,,2048.0,860,,197,0,0,Radeon HD 7850
MSI N730K-1GD5LP/OC,NVIDIA,,1024.0,1006,,140,2,1,GeForce GT 730
MSI GTX 960 4GD5T Titanium OC,NVIDIA,,4096.0,1178,1241,273,0,0,GeForce GTX 960
MSI LIGHTNING,NVIDIA,,11264.0,1350,1575,328,0,0,GeForce RTX 2080 Ti
MSI GAMING TRIO,NVIDIA,,8192.0,1410,1755,323,0,0,GeForce RTX 3060 Ti
MSI N650-MD1GD5/OC,NVIDIA,,1024.0,1071,,145,0,0,GeForce GTX 650
MSI R9 290X 4GD5,AMD,,4096.0,772,,292,4,2,Radeon R9 290X
MSI GT 1030 2GH OC,NVIDIA,,2048.0,1265,1518,147,3,1,GeForce GT 1030
MSI GTX 950 2GD5T OCV2,NVIDIA,,2048.0,1076,1253,254,3,1,GeForce GTX 950
MSI N670 PE 2GD5/OC,NVIDIA,,2048.0,1019,,266,5,6,GeForce GTX 670
MSI GAMING X+,NVIDIA,,8192.0,1607,1847,277,0,0,GeForce GTX 1080
MSI R9 295X2 8GD5,AMD,,8192.0,1018,,307,3,1,Radeon R9 295X2
MSI GAMING Z TRIO,NVIDIA,,8192.0,1605,1815,328,0,0,GeForce RTX 2070 SUPER
MSI N650TiTF2GD5/OC BE,NVIDIA,,2048.0,1033,,234,4,2,GeForce GTX 650 Ti Boost
MSI Radeon RX 5500 XT GAMING 8G,AMD,,8192.0,1647,1845,247,0,0,Radeon RX 5500 XT
MSI Radeon RX 5500 XT GAMING X 4G,AMD,,4096.0,1685,1845,247,0,0,Radeon RX 5500 XT
MSI Radeon RX 5500 XT MECH 4G,AMD,,4096.0,1607,1845,215,0,0,Radeon RX 5500 XT
MSI SEA HAWK,NVIDIA,,6144.0,1190,1291,270,4,2,GeForce GTX 980 Ti
MSI N640GT-MD1GD3,NVIDIA,,1024.0,,,,0,0,GeForce GT 640
MSI R7850-2GD5/OC,AMD,,2048.0,900,,201,4,4,Radeon HD 7850
MSI TWIN FROZR,NVIDIA,,3072.0,954,1006,265,5,16,GeForce GTX 780
MSI R7970-2PMD3GD5/OC,AMD,,3072.0,1010,,275,3,1,Radeon HD 7970
MSI N720-2GD3LP,NVIDIA,,2048.0,797,,146,2,1,GeForce GT 720
MSI N760-2GD5T/OC,NVIDIA,,2048.0,1059,1124,260,0,0,GeForce GTX 760
MSI N660TI-2GD5/OC,NVIDIA,,2048.0,941,,245,3,1,GeForce GTX 660 Ti
MSI N450GTS-MD1GD3,NVIDIA,,1024.0,700,,146,0,0,GeForce GTS 450
MSI N465GTX-M2D1G,NVIDIA,,1024.0,607,,243,0,0,GeForce GTX 465
MSI NTITAN Z 12GD5,NVIDIA,,12288.0,705,876,269,0,0,GeForce GTX Titan Z
MSI GAMING LE,NVIDIA,,2048.0,1152,1216,267,0,0,GeForce GTX 960
MSI R9 380 4GD5T OC,AMD,,4096.0,980,,254,4,5,Radeon R9 380
MSI CYCLONE,NVIDIA,,1024.0,725,,200,0,0,GeForce GTX 460
MSI GeForce RTX 2080 Ti VENTUS 11G OCV1,NVIDIA,,11264.0,1350,1575,268,0,0,GeForce RTX 2080 Ti
MSI N730K-2GD3/OC,NVIDIA,,2048.0,1006,,146,0,0,GeForce GT 730
MSI N730-2GD3V1,NVIDIA,,2048.0,700,,152,0,0,GeForce GT 730
MSI V801-1279R,NVIDIA,,12288.0,1000,1075,282,0,0,GeForce GTX Titan X
MSI R6570-MD2GD3/LP,AMD,,2048.0,650,,166,0,0,Radeon HD 6570
MSI HAWK,AMD,,2048.0,1100,1150,262,5,7,Radeon R9 270X
MSI SUPRIM,NVIDIA,,12288.0,1260,1830,336,0,0,GeForce RTX 3080 12GB LHR
MSI R5450-MD1GH/D2,AMD,,1024.0,650,,167,1,1,Radeon HD 5450
MSI LIGHTNING LE,AMD,,4096.0,1080,,302,0,0,Radeon R9 290X
MSI GAMING LE,AMD,,4096.0,1000,1040,276,3,1,Radeon R9 290X
MSI N650-MD1GD5/OC BOM,NVIDIA,,1024.0,1071,,145,0,0,GeForce GTX 650
MSI TWIN FROZR,AMD,,2048.0,900,,197,4,16,Radeon HD 7850
MSI N520GT-MD2GD3/LP,NVIDIA,,2048.0,810,,144,0,0,GeForce GT 520
MSI RX 5700 8G,AMD,,8192.0,1465,1725,270,0,0,Radeon RX 5700
MSI R5750-MD1G,AMD,,1024.0,700,,,0,0,Radeon HD 5750
MSI DUKE OC,NVIDIA,,8192.0,1607,1797,312,0,0,GeForce GTX 1070
MSI R5450-MD1GD3H/LP,AMD,,1024.0,,,,0,0,Radeon HD 5450
MSI QUICK SILVER,NVIDIA,,8192.0,1506,1721,279,0,0,GeForce GTX 1070
MSI R9 290X 4GD5 BF4,AMD,,4096.0,772,1000,276,0,0,Radeon R9 290X
MSI TWIN FROZR II,NVIDIA,,1024.0,880,,,3,2,GeForce GTX 560 Ti
MSI N770-2GD5/OC,NVIDIA,,2048.0,1072,1124,267,2,1,GeForce GTX 770
MSI TWIN FROZR II,NVIDIA,,1536.0,800,,,2,1,GeForce GTX 580
MSI ARMOR,NVIDIA,,8192.0,1470,1650,250,0,0,GeForce RTX 2060 SUPER
MSI GTX 950 2GD5 OC,NVIDIA,,2048.0,1076,1253,170,4,2,GeForce GTX 950
MSI TWIN FAN OC,NVIDIA,,8192.0,1410,1695,230,0,0,GeForce RTX 3060 Ti LHR
MSI N630-1GD3/LP,NVIDIA,,1024.0,810,,,0,0,GeForce GT 630
MSI GAMING TRIO PLUS,NVIDIA,,8192.0,1500,1770,323,0,0,GeForce RTX 3070 LHR
MSI TWIN FROZR II GE,NVIDIA,,1024.0,900,,,0,0,GeForce GTX 560 Ti
MSI R7870-2GD5T/OC,AMD,,2048.0,1050,,241,5,18,Radeon HD 7870 GHz Edition
MSI R5 230 2GD5H LP,AMD,,2048.0,625,,168,0,0,Radeon R5 230
MSI TWIN FROZR,AMD,,4096.0,1030,,260,4,3,Radeon R9 270X
MSI GAMING TRIO PLUS,NVIDIA,,10240.0,1440,1755,323,0,0,GeForce RTX 3080 10GB LHR
MSI SEA HAWK,NVIDIA,,10240.0,1440,1740,271,0,0,GeForce RTX 3080 10GB LHR
MSI CYCLONE OC,NVIDIA,,1024.0,950,,210,0,0,GeForce GTX 550 Ti
MSI N740-2GD3,NVIDIA,,2048.0,1006,,165,0,0,GeForce GT 740
MSI GAMING,AMD,,8192.0,1168,1268,276,0,0,Radeon RX 570
MSI GAMING LE 100ME,NVIDIA,,4096.0,1076,1216,269,0,0,GeForce GTX 970
MSI R7 250X 1GD5,AMD,,1024.0,1000,,200,4,2,Radeon R7 250X
MSI AERO ITX,NVIDIA,,8192.0,1410,1620,174,4,2,GeForce RTX 2070
MSI LIGHTNING X,NVIDIA,,11264.0,1569,1683,320,4,3,GeForce GTX 1080 Ti
MSI N640-4GD3,NVIDIA,,4096.0,902,,153,0,0,GeForce GT 640
MSI N730K-2GD5LP/OC,NVIDIA,,2048.0,1006,,141,3,3,GeForce GT 730
MSI N750-2GD5/OC,NVIDIA,,2048.0,1059,1137,165,2,1,GeForce GTX 750
MSI CYCLONE,NVIDIA,,768.0,675,,,0,0,GeForce GTX 460
MSI TWIN FROZR II,NVIDIA,,1280.0,607,,,0,0,GeForce GTX 470
MSI GTX 780Ti 3GD5,NVIDIA,,3072.0,875,928,262,4,2,GeForce GTX 780 Ti
MSI N650Ti PE 1GD5/OC,NVIDIA,,1024.0,993,,230,3,1,GeForce GTX 650 Ti
MSI GAMING,AMD,,6144.0,1185,1600,297,0,0,Radeon RX 5600 XT
MSI HAWK,NVIDIA,,1024.0,950,,243,3,1,GeForce GTX 560 Ti
MSI N650ti-1GD5/V1,NVIDIA,,1024.0,928,,219,0,0,GeForce GTX 650 Ti
MSI TWIN FAN,NVIDIA,,8192.0,1410,1665,230,0,0,GeForce RTX 3060 Ti
MSI N450GTS-MD2GD3,NVIDIA,,2048.0,783,,146,0,0,GeForce GTS 450
MSI GT 1030 2GH LP OCV1,NVIDIA,,2048.0,1265,1518,153,0,0,GeForce GT 1030
MSI R5 230 2GD3H LP,AMD,,2048.0,625,,164,0,0,Radeon R5 230
MSI N660-2GD5/OC,NVIDIA,,2048.0,1006,,219,0,0,GeForce GTX 660
MSI LIGHTNING,NVIDIA,,2048.0,1110,,279,5,4,GeForce GTX 680
MSI R7750-PMD2GD3,AMD,,2048.0,800,,167,3,2,Radeon HD 7750
MSI Radeon RX 5500 XT GAMING 4G,AMD,,4096.0,1647,1845,247,0,0,Radeon RX 5500 XT
MSI R7 260 1GD5 OC,AMD,,1024.0,1050,,202,3,2,Radeon R7 260
MSI TWIN FROZR,AMD,,2048.0,900,975,256,4,3,Radeon R9 270
MSI R4350-MD512H/D3,AMD,,512.0,650,,,0,0,Radeon HD 4350
MSI TWIN FROZR II,NVIDIA,,1024.0,822,,237,3,2,GeForce GTX 560 Ti
MSI TWIN FROZR II,AMD,,2048.0,800,,245,0,0,Radeon HD 6950
MSI R7850 PE 2GD5/OC,AMD,,2048.0,950,,210,4,2,Radeon HD 7850
MSI N560GTX-M2D1GD5,NVIDIA,,1024.0,810,,,3,2,GeForce GTX 560
MSI N740-2GD3V1,NVIDIA,,2048.0,900,,169,0,0,GeForce GT 740
MSI VR5570-MD1G,AMD,,1024.0,650,,167,0,0,Radeon HD 5570
MSI GAMING GE,NVIDIA,,4096.0,1165,1317,267,5,6,GeForce GTX 970
MSI N550GTX-Ti-MD1GD5,NVIDIA,,1024.0,900,,203,0,0,GeForce GTX 550 Ti
MSI R7950-2PMD3GD5/OC,AMD,,3072.0,830,,279,3,2,Radeon HD 7950
MSI N740-1GD5,NVIDIA,,1024.0,1006,,165,2,1,GeForce GT 740
MSI N430GT-MD1GD3 OC/TF,NVIDIA,,1024.0,785,,170,0,0,GeForce GT 430
MSI Radeon RX 460 2GT LP,AMD,,2048.0,1090,1200,169,3,1,Radeon RX 460
MSI N430GT-MD2GD3,NVIDIA,,2048.0,700,,160,0,0,GeForce GT 430
MSI N620GT-MD2GD3/LP,NVIDIA,,2048.0,700,,157,0,0,GeForce GT 620
MSI N550GTX-Ti MD1GD5 V2,NVIDIA,,1024.0,900,,210,0,0,GeForce GTX 550 Ti
MSI N720-1GD5HLP,NVIDIA,,1024.0,797,,146,0,0,GeForce GT 720
MSI N720-2GD5HLP,NVIDIA,,2048.0,797,,146,0,0,GeForce GT 720
MSI WAVE,AMD,,8192.0,1406,1677,283,0,0,Radeon RX VEGA 64
MSI IRON,AMD,,8192.0,1247,1546,283,0,0,Radeon RX VEGA 64
MSI R7770-2PMD1GD5/OC,AMD,,1024.0,1000,,234,3,3,Radeon HD 7770
MSI TWIN FROZR II,NVIDIA,,1536.0,700,,264,0,0,GeForce GTX 480
MSI R6870-2PM2D1GD5,AMD,,1024.0,900,,223,0,0,Radeon HD 6870
MSI N450GTS-M2D1GD5/OC,NVIDIA,,1024.0,850,,,0,0,GeForce GTS 450
MSI R7750-PMD1GD5/OC,AMD,,1024.0,800,,170,0,0,Radeon HD 7750
MSI GAMING LE,AMD,,8192.0,1050,1060,277,0,0,Radeon R9 390X
MSI R6670-MD1GD3,AMD,,1024.0,800,,176,0,0,Radeon HD 6670
MSI N720-2GD3HLP,NVIDIA,,2048.0,797,,162,0,0,GeForce GT 720
MSI GAMING,AMD,,2048.0,973,,260,0,0,Radeon R9 285
MSI TWIN FROZR,AMD,,6144.0,1000,1050,269,2,1,Radeon R9 280X
MSI R9 290 4GD5,AMD,,4096.0,947,,276,3,1,Radeon R9 290
MSI TWIN FROZR II SOC,NVIDIA,,768.0,750,,252,0,0,GeForce GTX 460
MSI R7 250 1GD5 OC,AMD,,1024.0,1100,,193,0,0,Radeon R7 250
MSI GAMING LE,AMD,,8192.0,1000,1040,276,0,0,Radeon R9 290X
MSI TWIN FROZR,AMD,,2048.0,1050,,270,3,2,Radeon HD 7870
MSI R7950-2PMD3GD5,AMD,,3072.0,800,,270,3,1,Radeon HD 7950
MSI TWIN FROZR,AMD,,2048.0,1050,,270,3,2,Radeon HD 7870
MSI HAWK,NVIDIA,,1024.0,780,,237,0,0,GeForce GTX 460
MSI N430GT-MD1GD3-OC/LP,NVIDIA,,1024.0,785,,,3,1,GeForce GT 430
MSI N740-2GD5,NVIDIA,,2048.0,1006,,165,0,0,GeForce GT 740
MSI LIGHTNING,AMD,,3072.0,1070,,304,3,1,Radeon HD 7970
MSI TWIN FROZR II,NVIDIA,,1280.0,750,,,0,0,GeForce GTX 570
MSI R6670-MD2GD3,AMD,,2048.0,800,,176,0,0,Radeon HD 6670
MSI Cyclone PE,AMD,,1024.0,860,,,2,1,Radeon HD 6850
MSI N680GTX-PM2D2GD5,NVIDIA,,2048.0,1006,,270,3,1,GeForce GTX 680
MSI N760,NVIDIA,,2048.0,1111,1176,263,5,5,GeForce GTX 760
MSI R5770-PMD1G,AMD,,1024.0,850,,,2,1,Radeon HD 5770
MSI AERO ITX,NVIDIA,,6144.0,1500,1770,178,0,0,GeForce GTX 1660 Ti
MSI GAMING LE,NVIDIA,,4096.0,1152,1216,267,0,0,GeForce GTX 960
MSI N660Ti-PE-2GD5,NVIDIA,,2048.0,915,,264,3,2,GeForce GTX 660 Ti
MSI HAWK,AMD,,1024.0,930,,254,0,0,Radeon HD 6870
MSI TWIN FROZR II GE,NVIDIA,,1024.0,607,,,0,0,GeForce GTX 465
MSI R5670-PD512,AMD,,512.0,775,,,0,0,Radeon HD 5670
MSI N640-1GD5/LP,NVIDIA,,1024.0,1045,,146,0,0,GeForce GT 640
MSI TWIN FROZR,NVIDIA,,2048.0,1058,,270,0,0,GeForce GTX 680
MSI GTX 650_N650-2GD5_OC,NVIDIA,,2048.0,1071,,145,0,0,GeForce GTX 650
MSI TWIN FAN,NVIDIA,,8192.0,1410,1665,230,0,0,GeForce RTX 3060 Ti LHR
MSI AERO ITX,NVIDIA,,8192.0,1410,1665,172,0,0,GeForce RTX 3060 Ti LHR
MSI R6670-MD2GD3v2,AMD,,2048.0,800,,176,0,0,Radeon HD 6670
MSI R6850-PMD1GD5,AMD,,1024.0,775,,226,0,0,Radeon HD 6850
MSI N780-3GD5,NVIDIA,,3072.0,863,,267,3,1,GeForce GTX 780
MSI N650-2GD5/OC,NVIDIA,,2048.0,1071,,145,0,0,GeForce GTX 650
MSI SUPRIM SE,NVIDIA,,10240.0,1440,1770,336,0,0,GeForce RTX 3080 10GB LHR
MSI ARMOR,AMD,,4096.0,1120,1266,269,0,0,Radeon RX 480
MSI TWIN FROZR,NVIDIA,,2048.0,1006,,270,0,0,GeForce GTX 680
MSI GAMING,AMD,,4096.0,1168,1268,276,0,0,Radeon RX 570
MSI R6770-MD1GD5,AMD,,1024.0,800,,,0,0,Radeon HD 6770
MSI TWIN FROZR III PE,AMD,,2048.0,850,,,0,0,Radeon HD 6950
MSI Cyclone PE,AMD,,1024.0,775,,216,0,0,Radeon HD 6850
MSI N770,NVIDIA,,2048.0,1150,,279,5,5,GeForce GTX 770
MSI N650 PE 1GD5/OC,NVIDIA,,1024.0,1124,,230,0,0,GeForce GTX 650
MSI R6570-MD1G/LP,AMD,,1024.0,650,,166,3,3,Radeon HD 6570
MSI R7770 PE1GD5/OC,AMD,,1024.0,1100,,232,0,0,Radeon HD 7770
MSI N430GT-MD1GD3/OC,NVIDIA,,1024.0,730,,,0,0,GeForce GT 430
MSI R7850-Power-Edition-2GD5-OC,AMD,,2048.0,950,,210,3,1,Radeon HD 7850
MSI R6670-MD1GD5,AMD,,1024.0,800,,,0,0,Radeon HD 6670
MSI R7950-3GD5/OC BE,AMD,,3072.0,830,840,269,0,0,Radeon HD 7950
MSI R5450-MD512D3H/LP,AMD,,512.0,650,,,0,0,Radeon HD 5450
MSI N520GT-MD1GD3/LP,NVIDIA,,1024.0,810,,144,0,0,GeForce GT 520
MSI R7 265 2GD5 OC,AMD,,2048.0,900,955,221,5,5,Radeon R7 265
MSI LIGHTNING,NVIDIA,,1536.0,832,,,3,1,GeForce GTX 580
MSI R7970 PE 3GD5,AMD,,3072.0,925,,304,0,0,Radeon HD 7970
MSI GTX 950 2GD5T OC,NVIDIA,,2048.0,1076,1253,254,0,0,GeForce GTX 950
MSI R4350-MD512H,AMD,,512.0,600,,,0,0,Radeon HD 4350
MSI N470GTX-M2D12-B,NVIDIA,,1280.0,607,,243,0,0,GeForce GTX 470
MSI LIGHTNING LE,NVIDIA,,6144.0,1026,1114,330,0,0,GeForce GTX 980 Ti
MSI R6570-MD1GD3/LP,AMD,,1024.0,650,,,0,0,Radeon HD 6570
MSI GAMING LE,AMD,,4096.0,970,1000,268,0,0,Radeon R9 380
MSI R5670-MD1GD3,AMD,,1024.0,775,,,0,0,Radeon HD 5670
MSI SUPRIM SE,NVIDIA,,24576.0,1560,1875,338,0,0,GeForce RTX 3090 Ti
MSI CYCLONE,NVIDIA,,1024.0,850,,210,0,0,GeForce GTS 450
MSI R7790-1GD5/OC,AMD,,1024.0,1050,,182,4,4,Radeon HD 7790
MSI N580GTX-M2D15D5OC,NVIDIA,,1536.0,823,,,0,0,GeForce GTX 580
MSI N430GT-MD1G/LP,NVIDIA,,1024.0,730,,165,0,0,GeForce GT 430
MSI R5670-PMD1G OC,AMD,,1024.0,,,,0,0,Radeon HD 5670
MSI R6970-2PM2D2GD5,AMD,,2048.0,880,,,0,0,Radeon HD 6970
MSI R6950-2PM2D2GD5,AMD,,2048.0,800,,,0,0,Radeon HD 6950
MSI R6790-2PM2D1GD5,AMD,,1024.0,840,,245,0,0,Radeon HD 6790
MSI N640GT-MD2GD3/OC,NVIDIA,,2048.0,941,,170,0,0,GeForce GT 640
MSI N640GT-MD2GD3,NVIDIA,,2048.0,900,,144,0,0,GeForce GT 640
MSI TWIN FROZR II,NVIDIA,,1024.0,870,,,3,2,GeForce GTX 560
MSI N430GT-MD2GD3/OC,NVIDIA,,2048.0,730,,148,0,0,GeForce GT 430
MSI TWIN FROZR II,NVIDIA,,1280.0,732,,267,0,0,GeForce GTX 570
MSI HAWK,AMD,,2048.0,1100,,277,4,2,Radeon HD 7870 GHz Edition
MSI N630GT-MD2GD3,NVIDIA,,2048.0,810,,,0,0,GeForce GT 630
MSI N630GT-MD4GD3,NVIDIA,,4096.0,810,,,2,1,GeForce GT 630
MSI N650TI 1GD5/OC,NVIDIA,,1024.0,954,,230,0,0,GeForce GTX 650 Ti
MSI N460GTX-M2D1GD5/OC2,NVIDIA,,1024.0,810,,222,3,2,GeForce GTX 460 SE
MSI R7970-2PMD3GD5,AMD,,3072.0,925,,279,4,2,Radeon HD 7970
